Dataset,Accuracy,Precision,Recall
E-Shopper,0.9313881934318284,0.9317508751405326,0.9313881934318284
