Dataset,Accuracy,Precision,Recall
Train Ticket,0.880412204158484,0.8624082866403151,0.880412204158484
